<?xml version="1.0" encoding="UTF-8"?><font><info face="Sherwood Regular" size="24" bold="0" italic="0" charset="" unicode="1" stretchH="100" smooth="1" aa="1" padding="1,1,1,1" spacing="1,1"/><common lineHeight="24" base="24" scaleW="174" scaleH="179" pages="1" packed="0"/><pages><page id="0" file="Sherwood.png"/></pages><chars count="91"><char id="32" x="0" y="0" width="0" height="0" xoffset="0" yoffset="0" xadvance="9" page="0" chnl="15"/><char id="33" x="164" y="108" width="7" height="18" xoffset="1" yoffset="3" xadvance="7" page="0" chnl="15"/><char id="34" x="43" y="164" width="9" height="7" xoffset="2" yoffset="3" xadvance="10" page="0" chnl="15"/><char id="35" x="132" y="38" width="16" height="18" xoffset="0" yoffset="3" xadvance="15" page="0" chnl="15"/><char id="36" x="95" y="78" width="17" height="19" xoffset="0" yoffset="1" xadvance="16" page="0" chnl="15"/><char id="37" x="0" y="58" width="25" height="20" xoffset="0" yoffset="2" xadvance="23" page="0" chnl="15"/><char id="38" x="74" y="133" width="18" height="18" xoffset="0" yoffset="3" xadvance="16" page="0" chnl="15"/><char id="39" x="14" y="163" width="6" height="7" xoffset="2" yoffset="3" xadvance="7" page="0" chnl="15"/><char id="40" x="32" y="156" width="10" height="23" xoffset="0" yoffset="3" xadvance="9" page="0" chnl="15"/><char id="41" x="149" y="105" width="11" height="23" xoffset="0" yoffset="3" xadvance="9" page="0" chnl="15"/><char id="42" x="164" y="69" width="10" height="10" xoffset="1" yoffset="1" xadvance="10" page="0" chnl="15"/><char id="43" x="132" y="155" width="14" height="15" xoffset="0" yoffset="5" xadvance="12" page="0" chnl="15"/><char id="44" x="43" y="156" width="9" height="7" xoffset="0" yoffset="15" xadvance="8" page="0" chnl="15"/><char id="45" x="132" y="171" width="10" height="5" xoffset="0" yoffset="9" xadvance="9" page="0" chnl="15"/><char id="46" x="14" y="155" width="8" height="7" xoffset="0" yoffset="15" xadvance="7" page="0" chnl="15"/><char id="47" x="132" y="119" width="14" height="18" xoffset="0" yoffset="3" xadvance="13" page="0" chnl="15"/><char id="48" x="32" y="0" width="22" height="18" xoffset="0" yoffset="3" xadvance="21" page="0" chnl="15"/><char id="49" x="132" y="85" width="15" height="19" xoffset="0" yoffset="2" xadvance="13" page="0" chnl="15"/><char id="50" x="32" y="137" width="20" height="18" xoffset="0" yoffset="3" xadvance="19" page="0" chnl="15"/><char id="51" x="54" y="115" width="18" height="18" xoffset="0" yoffset="3" xadvance="16" page="0" chnl="15"/><char id="52" x="54" y="57" width="19" height="19" xoffset="0" yoffset="2" xadvance="18" page="0" chnl="15"/><char id="53" x="54" y="134" width="18" height="18" xoffset="0" yoffset="3" xadvance="16" page="0" chnl="15"/><char id="54" x="32" y="38" width="21" height="19" xoffset="0" yoffset="2" xadvance="19" page="0" chnl="15"/><char id="55" x="32" y="58" width="21" height="19" xoffset="0" yoffset="2" xadvance="19" page="0" chnl="15"/><char id="56" x="95" y="58" width="17" height="19" xoffset="0" yoffset="2" xadvance="16" page="0" chnl="15"/><char id="57" x="55" y="0" width="20" height="18" xoffset="0" yoffset="3" xadvance="18" page="0" chnl="15"/><char id="58" x="164" y="40" width="10" height="14" xoffset="0" yoffset="8" xadvance="8" page="0" chnl="15"/><char id="59" x="164" y="55" width="10" height="13" xoffset="0" yoffset="10" xadvance="8" page="0" chnl="15"/><char id="61" x="149" y="0" width="14" height="11" xoffset="0" yoffset="7" xadvance="12" page="0" chnl="15"/><char id="63" x="149" y="129" width="11" height="19" xoffset="0" yoffset="3" xadvance="10" page="0" chnl="15"/><char id="64" x="32" y="116" width="20" height="20" xoffset="0" yoffset="1" xadvance="18" page="0" chnl="15"/><char id="65" x="75" y="38" width="18" height="18" xoffset="0" yoffset="3" xadvance="16" page="0" chnl="15"/><char id="66" x="132" y="0" width="16" height="18" xoffset="0" yoffset="3" xadvance="15" page="0" chnl="15"/><char id="67" x="32" y="78" width="21" height="18" xoffset="0" yoffset="3" xadvance="19" page="0" chnl="15"/><char id="68" x="55" y="19" width="20" height="18" xoffset="0" yoffset="3" xadvance="18" page="0" chnl="15"/><char id="69" x="149" y="12" width="13" height="19" xoffset="1" yoffset="2" xadvance="13" page="0" chnl="15"/><char id="70" x="149" y="32" width="13" height="19" xoffset="1" yoffset="2" xadvance="13" page="0" chnl="15"/><char id="71" x="0" y="135" width="22" height="19" xoffset="0" yoffset="3" xadvance="20" page="0" chnl="15"/><char id="72" x="74" y="57" width="18" height="18" xoffset="1" yoffset="3" xadvance="18" page="0" chnl="15"/><char id="73" x="85" y="152" width="7" height="18" xoffset="1" yoffset="3" xadvance="7" page="0" chnl="15"/><char id="74" x="149" y="83" width="12" height="21" xoffset="-1" yoffset="3" xadvance="10" page="0" chnl="15"/><char id="75" x="95" y="117" width="17" height="18" xoffset="1" yoffset="3" xadvance="16" page="0" chnl="15"/><char id="76" x="149" y="52" width="13" height="18" xoffset="1" yoffset="3" xadvance="12" page="0" chnl="15"/><char id="77" x="0" y="116" width="24" height="18" xoffset="0" yoffset="3" xadvance="23" page="0" chnl="15"/><char id="78" x="32" y="97" width="21" height="18" xoffset="0" yoffset="3" xadvance="19" page="0" chnl="15"/><char id="79" x="32" y="19" width="22" height="18" xoffset="0" yoffset="3" xadvance="21" page="0" chnl="15"/><char id="80" x="132" y="19" width="16" height="18" xoffset="0" yoffset="3" xadvance="15" page="0" chnl="15"/><char id="81" x="0" y="35" width="25" height="22" xoffset="1" yoffset="3" xadvance="22" page="0" chnl="15"/><char id="82" x="54" y="77" width="19" height="18" xoffset="0" yoffset="3" xadvance="18" page="0" chnl="15"/><char id="83" x="95" y="136" width="17" height="18" xoffset="0" yoffset="3" xadvance="16" page="0" chnl="15"/><char id="84" x="74" y="76" width="18" height="18" xoffset="0" yoffset="3" xadvance="17" page="0" chnl="15"/><char id="85" x="74" y="95" width="18" height="18" xoffset="1" yoffset="3" xadvance="18" page="0" chnl="15"/><char id="86" x="74" y="114" width="18" height="18" xoffset="0" yoffset="3" xadvance="17" page="0" chnl="15"/><char id="87" x="0" y="0" width="31" height="19" xoffset="0" yoffset="2" xadvance="29" page="0" chnl="15"/><char id="88" x="54" y="38" width="20" height="18" xoffset="-1" yoffset="3" xadvance="17" page="0" chnl="15"/><char id="89" x="95" y="155" width="17" height="18" xoffset="0" yoffset="3" xadvance="15" page="0" chnl="15"/><char id="90" x="54" y="96" width="19" height="18" xoffset="0" yoffset="3" xadvance="17" page="0" chnl="15"/><char id="91" x="164" y="80" width="9" height="27" xoffset="1" yoffset="0" xadvance="9" page="0" chnl="15"/><char id="93" x="61" y="153" width="9" height="26" xoffset="0" yoffset="0" xadvance="9" page="0" chnl="15"/><char id="94" x="149" y="71" width="13" height="11" xoffset="0" yoffset="3" xadvance="12" page="0" chnl="15"/><char id="95" x="95" y="174" width="10" height="5" xoffset="-1" yoffset="22" xadvance="7" page="0" chnl="15"/><char id="97" x="114" y="0" width="17" height="14" xoffset="0" yoffset="7" xadvance="16" page="0" chnl="15"/><char id="98" x="113" y="79" width="16" height="19" xoffset="0" yoffset="2" xadvance="15" page="0" chnl="15"/><char id="99" x="114" y="15" width="17" height="14" xoffset="0" yoffset="7" xadvance="15" page="0" chnl="15"/><char id="100" x="95" y="98" width="17" height="18" xoffset="0" yoffset="3" xadvance="16" page="0" chnl="15"/><char id="101" x="132" y="57" width="16" height="13" xoffset="0" yoffset="8" xadvance="15" page="0" chnl="15"/><char id="102" x="113" y="159" width="15" height="20" xoffset="0" yoffset="6" xadvance="13" page="0" chnl="15"/><char id="103" x="113" y="99" width="16" height="19" xoffset="0" yoffset="7" xadvance="15" page="0" chnl="15"/><char id="104" x="76" y="0" width="18" height="18" xoffset="0" yoffset="3" xadvance="16" page="0" chnl="15"/><char id="105" x="164" y="21" width="10" height="18" xoffset="0" yoffset="3" xadvance="7" page="0" chnl="15"/><char id="106" x="0" y="155" width="13" height="24" xoffset="-2" yoffset="2" xadvance="8" page="0" chnl="15"/><char id="107" x="113" y="58" width="16" height="20" xoffset="0" yoffset="2" xadvance="14" page="0" chnl="15"/><char id="108" x="164" y="0" width="10" height="20" xoffset="0" yoffset="2" xadvance="9" page="0" chnl="15"/><char id="109" x="0" y="20" width="26" height="14" xoffset="0" yoffset="8" xadvance="24" page="0" chnl="15"/><char id="110" x="95" y="0" width="18" height="15" xoffset="0" yoffset="7" xadvance="16" page="0" chnl="15"/><char id="111" x="114" y="30" width="17" height="13" xoffset="0" yoffset="8" xadvance="15" page="0" chnl="15"/><char id="112" x="113" y="119" width="16" height="19" xoffset="0" yoffset="8" xadvance="15" page="0" chnl="15"/><char id="113" x="113" y="139" width="16" height="19" xoffset="0" yoffset="7" xadvance="14" page="0" chnl="15"/><char id="114" x="95" y="16" width="18" height="13" xoffset="0" yoffset="8" xadvance="17" page="0" chnl="15"/><char id="115" x="132" y="105" width="15" height="13" xoffset="0" yoffset="8" xadvance="13" page="0" chnl="15"/><char id="116" x="132" y="138" width="14" height="16" xoffset="0" yoffset="5" xadvance="12" page="0" chnl="15"/><char id="117" x="114" y="44" width="17" height="13" xoffset="0" yoffset="8" xadvance="15" page="0" chnl="15"/><char id="118" x="95" y="30" width="18" height="13" xoffset="0" yoffset="8" xadvance="16" page="0" chnl="15"/><char id="119" x="0" y="79" width="25" height="14" xoffset="0" yoffset="7" xadvance="23" page="0" chnl="15"/><char id="120" x="95" y="44" width="18" height="13" xoffset="0" yoffset="8" xadvance="17" page="0" chnl="15"/><char id="121" x="76" y="19" width="18" height="18" xoffset="-1" yoffset="8" xadvance="16" page="0" chnl="15"/><char id="122" x="132" y="71" width="16" height="13" xoffset="0" yoffset="8" xadvance="15" page="0" chnl="15"/><char id="123" x="74" y="152" width="10" height="27" xoffset="0" yoffset="0" xadvance="8" page="0" chnl="15"/><char id="124" x="54" y="153" width="6" height="26" xoffset="1" yoffset="-1" xadvance="6" page="0" chnl="15"/><char id="125" x="149" y="149" width="10" height="27" xoffset="0" yoffset="0" xadvance="8" page="0" chnl="15"/><char id="8470" x="0" y="94" width="24" height="21" xoffset="0" yoffset="1" xadvance="23" page="0" chnl="15"/></chars></font>