<?xml version="1.0" encoding="UTF-8"?><font><info face="Ubuntu-Bold" size="24" bold="0" italic="0" charset="" unicode="1" stretchH="100" smooth="1" aa="1" padding="1,1,1,1" spacing="1,1"/><common lineHeight="24" base="24" scaleW="170" scaleH="174" pages="1" packed="0"/><pages><page id="0" file="Ubuntu-Bold.png"/></pages><chars count="91"><char id="32" x="0" y="0" width="0" height="0" xoffset="0" yoffset="0" xadvance="6" page="0" chnl="15"/><char id="33" x="161" y="126" width="7" height="19" xoffset="1" yoffset="2" xadvance="7" page="0" chnl="15"/><char id="34" x="134" y="161" width="11" height="10" xoffset="1" yoffset="0" xadvance="12" page="0" chnl="15"/><char id="35" x="69" y="0" width="17" height="19" xoffset="1" yoffset="2" xadvance="17" page="0" chnl="15"/><char id="36" x="64" y="99" width="15" height="23" xoffset="0" yoffset="0" xadvance="14" page="0" chnl="15"/><char id="37" x="0" y="64" width="24" height="19" xoffset="0" yoffset="2" xadvance="23" page="0" chnl="15"/><char id="38" x="26" y="64" width="19" height="19" xoffset="0" yoffset="2" xadvance="17" page="0" chnl="15"/><char id="39" x="35" y="164" width="6" height="10" xoffset="1" yoffset="0" xadvance="6" page="0" chnl="15"/><char id="40" x="149" y="56" width="10" height="26" xoffset="1" yoffset="0" xadvance="9" page="0" chnl="15"/><char id="41" x="149" y="109" width="9" height="26" xoffset="0" yoffset="0" xadvance="9" page="0" chnl="15"/><char id="42" x="134" y="74" width="13" height="12" xoffset="1" yoffset="2" xadvance="13" page="0" chnl="15"/><char id="43" x="46" y="160" width="14" height="14" xoffset="1" yoffset="6" xadvance="14" page="0" chnl="15"/><char id="44" x="26" y="164" width="8" height="10" xoffset="0" yoffset="15" xadvance="6" page="0" chnl="15"/><char id="45" x="97" y="168" width="10" height="6" xoffset="0" yoffset="9" xadvance="9" page="0" chnl="15"/><char id="46" x="64" y="167" width="8" height="7" xoffset="0" yoffset="14" xadvance="6" page="0" chnl="15"/><char id="47" x="64" y="73" width="15" height="25" xoffset="-1" yoffset="0" xadvance="11" page="0" chnl="15"/><char id="48" x="87" y="0" width="15" height="19" xoffset="0" yoffset="2" xadvance="14" page="0" chnl="15"/><char id="49" x="149" y="0" width="11" height="19" xoffset="1" yoffset="2" xadvance="14" page="0" chnl="15"/><char id="50" x="81" y="20" width="15" height="19" xoffset="0" yoffset="2" xadvance="14" page="0" chnl="15"/><char id="51" x="81" y="40" width="15" height="19" xoffset="0" yoffset="2" xadvance="14" page="0" chnl="15"/><char id="52" x="81" y="60" width="15" height="19" xoffset="0" yoffset="2" xadvance="14" page="0" chnl="15"/><char id="53" x="81" y="80" width="15" height="19" xoffset="0" yoffset="2" xadvance="14" page="0" chnl="15"/><char id="54" x="81" y="100" width="15" height="19" xoffset="0" yoffset="2" xadvance="14" page="0" chnl="15"/><char id="55" x="119" y="44" width="14" height="19" xoffset="1" yoffset="2" xadvance="14" page="0" chnl="15"/><char id="56" x="81" y="120" width="15" height="19" xoffset="0" yoffset="2" xadvance="14" page="0" chnl="15"/><char id="57" x="81" y="140" width="15" height="19" xoffset="0" yoffset="2" xadvance="14" page="0" chnl="15"/><char id="58" x="161" y="68" width="8" height="15" xoffset="0" yoffset="6" xadvance="6" page="0" chnl="15"/><char id="59" x="161" y="48" width="8" height="19" xoffset="0" yoffset="6" xadvance="6" page="0" chnl="15"/><char id="61" x="81" y="160" width="14" height="11" xoffset="1" yoffset="7" xadvance="14" page="0" chnl="15"/><char id="63" x="134" y="22" width="13" height="19" xoffset="0" yoffset="2" xadvance="11" page="0" chnl="15"/><char id="64" x="0" y="40" width="24" height="23" xoffset="1" yoffset="2" xadvance="24" page="0" chnl="15"/><char id="65" x="0" y="136" width="20" height="19" xoffset="0" yoffset="2" xadvance="18" page="0" chnl="15"/><char id="66" x="46" y="20" width="17" height="19" xoffset="1" yoffset="2" xadvance="17" page="0" chnl="15"/><char id="67" x="46" y="40" width="17" height="19" xoffset="1" yoffset="2" xadvance="16" page="0" chnl="15"/><char id="68" x="26" y="84" width="18" height="19" xoffset="1" yoffset="2" xadvance="18" page="0" chnl="15"/><char id="69" x="97" y="40" width="15" height="19" xoffset="1" yoffset="2" xadvance="15" page="0" chnl="15"/><char id="70" x="97" y="60" width="15" height="19" xoffset="1" yoffset="2" xadvance="14" page="0" chnl="15"/><char id="71" x="46" y="60" width="17" height="19" xoffset="1" yoffset="2" xadvance="17" page="0" chnl="15"/><char id="72" x="46" y="80" width="17" height="19" xoffset="1" yoffset="2" xadvance="18" page="0" chnl="15"/><char id="73" x="161" y="106" width="7" height="19" xoffset="1" yoffset="2" xadvance="8" page="0" chnl="15"/><char id="74" x="119" y="104" width="14" height="19" xoffset="0" yoffset="2" xadvance="13" page="0" chnl="15"/><char id="75" x="26" y="104" width="18" height="19" xoffset="1" yoffset="2" xadvance="17" page="0" chnl="15"/><char id="76" x="97" y="80" width="15" height="19" xoffset="1" yoffset="2" xadvance="14" page="0" chnl="15"/><char id="77" x="0" y="84" width="22" height="19" xoffset="1" yoffset="2" xadvance="22" page="0" chnl="15"/><char id="78" x="26" y="124" width="18" height="19" xoffset="1" yoffset="2" xadvance="19" page="0" chnl="15"/><char id="79" x="26" y="44" width="19" height="19" xoffset="1" yoffset="2" xadvance="19" page="0" chnl="15"/><char id="80" x="64" y="20" width="16" height="19" xoffset="1" yoffset="2" xadvance="16" page="0" chnl="15"/><char id="81" x="26" y="20" width="19" height="23" xoffset="1" yoffset="2" xadvance="19" page="0" chnl="15"/><char id="82" x="46" y="100" width="17" height="19" xoffset="1" yoffset="2" xadvance="16" page="0" chnl="15"/><char id="83" x="97" y="100" width="15" height="19" xoffset="0" yoffset="2" xadvance="14" page="0" chnl="15"/><char id="84" x="46" y="120" width="17" height="19" xoffset="0" yoffset="2" xadvance="15" page="0" chnl="15"/><char id="85" x="46" y="140" width="17" height="19" xoffset="1" yoffset="2" xadvance="17" page="0" chnl="15"/><char id="86" x="29" y="0" width="20" height="19" xoffset="0" yoffset="2" xadvance="18" page="0" chnl="15"/><char id="87" x="0" y="20" width="25" height="19" xoffset="0" yoffset="2" xadvance="23" page="0" chnl="15"/><char id="88" x="26" y="144" width="18" height="19" xoffset="0" yoffset="2" xadvance="17" page="0" chnl="15"/><char id="89" x="50" y="0" width="18" height="19" xoffset="0" yoffset="2" xadvance="16" page="0" chnl="15"/><char id="90" x="64" y="40" width="16" height="19" xoffset="0" yoffset="2" xadvance="15" page="0" chnl="15"/><char id="91" x="149" y="136" width="9" height="25" xoffset="2" yoffset="0" xadvance="9" page="0" chnl="15"/><char id="93" x="161" y="0" width="9" height="25" xoffset="0" yoffset="0" xadvance="9" page="0" chnl="15"/><char id="94" x="64" y="60" width="16" height="12" xoffset="0" yoffset="2" xadvance="14" page="0" chnl="15"/><char id="95" x="134" y="16" width="14" height="5" xoffset="0" yoffset="20" xadvance="12" page="0" chnl="15"/><char id="97" x="0" y="156" width="14" height="15" xoffset="0" yoffset="6" xadvance="14" page="0" chnl="15"/><char id="98" x="64" y="123" width="15" height="21" xoffset="1" yoffset="0" xadvance="15" page="0" chnl="15"/><char id="99" x="134" y="42" width="13" height="15" xoffset="1" yoffset="6" xadvance="12" page="0" chnl="15"/><char id="100" x="119" y="0" width="14" height="21" xoffset="1" yoffset="0" xadvance="15" page="0" chnl="15"/><char id="101" x="119" y="124" width="14" height="15" xoffset="1" yoffset="6" xadvance="15" page="0" chnl="15"/><char id="102" x="134" y="87" width="12" height="21" xoffset="1" yoffset="0" xadvance="11" page="0" chnl="15"/><char id="103" x="119" y="64" width="14" height="19" xoffset="1" yoffset="6" xadvance="15" page="0" chnl="15"/><char id="104" x="119" y="22" width="14" height="21" xoffset="1" yoffset="0" xadvance="15" page="0" chnl="15"/><char id="105" x="161" y="84" width="7" height="21" xoffset="1" yoffset="0" xadvance="7" page="0" chnl="15"/><char id="106" x="149" y="83" width="10" height="25" xoffset="-2" yoffset="0" xadvance="7" page="0" chnl="15"/><char id="107" x="64" y="145" width="15" height="21" xoffset="1" yoffset="0" xadvance="14" page="0" chnl="15"/><char id="108" x="161" y="26" width="9" height="21" xoffset="1" yoffset="0" xadvance="8" page="0" chnl="15"/><char id="109" x="0" y="104" width="21" height="15" xoffset="1" yoffset="6" xadvance="21" page="0" chnl="15"/><char id="110" x="119" y="140" width="14" height="15" xoffset="1" yoffset="6" xadvance="15" page="0" chnl="15"/><char id="111" x="97" y="120" width="15" height="15" xoffset="1" yoffset="6" xadvance="15" page="0" chnl="15"/><char id="112" x="103" y="0" width="15" height="19" xoffset="1" yoffset="6" xadvance="15" page="0" chnl="15"/><char id="113" x="119" y="84" width="14" height="19" xoffset="1" yoffset="6" xadvance="15" page="0" chnl="15"/><char id="114" x="149" y="40" width="11" height="15" xoffset="1" yoffset="6" xadvance="11" page="0" chnl="15"/><char id="115" x="134" y="58" width="13" height="15" xoffset="0" yoffset="6" xadvance="12" page="0" chnl="15"/><char id="116" x="149" y="20" width="11" height="19" xoffset="1" yoffset="2" xadvance="11" page="0" chnl="15"/><char id="117" x="119" y="156" width="14" height="15" xoffset="1" yoffset="6" xadvance="15" page="0" chnl="15"/><char id="118" x="97" y="136" width="15" height="15" xoffset="0" yoffset="6" xadvance="14" page="0" chnl="15"/><char id="119" x="0" y="120" width="21" height="15" xoffset="0" yoffset="6" xadvance="19" page="0" chnl="15"/><char id="120" x="97" y="152" width="15" height="15" xoffset="0" yoffset="6" xadvance="14" page="0" chnl="15"/><char id="121" x="97" y="20" width="15" height="19" xoffset="0" yoffset="6" xadvance="14" page="0" chnl="15"/><char id="122" x="134" y="0" width="14" height="15" xoffset="0" yoffset="6" xadvance="12" page="0" chnl="15"/><char id="123" x="134" y="109" width="11" height="25" xoffset="0" yoffset="0" xadvance="9" page="0" chnl="15"/><char id="124" x="161" y="146" width="6" height="25" xoffset="2" yoffset="0" xadvance="8" page="0" chnl="15"/><char id="125" x="134" y="135" width="11" height="25" xoffset="0" yoffset="0" xadvance="9" page="0" chnl="15"/><char id="8470" x="0" y="0" width="28" height="19" xoffset="1" yoffset="2" xadvance="27" page="0" chnl="15"/></chars><kernings count="616"><kerning first="97" second="63" amount="-1"/><kerning first="97" second="42" amount="-1"/><kerning first="97" second="41" amount="-1"/><kerning first="97" second="93" amount="-1"/><kerning first="98" second="63" amount="-1"/><kerning first="98" second="42" amount="-1"/><kerning first="98" second="41" amount="-1"/><kerning first="98" second="46" amount="-1"/><kerning first="98" second="44" amount="-1"/><kerning first="98" second="47" amount="-1"/><kerning first="98" second="93" amount="-1"/><kerning first="99" second="97" amount="-1"/><kerning first="99" second="99" amount="-1"/><kerning first="99" second="100" amount="-1"/><kerning first="99" second="101" amount="-1"/><kerning first="99" second="103" amount="-1"/><kerning first="99" second="111" amount="-1"/><kerning first="99" second="113" amount="-1"/><kerning first="99" second="93" amount="-1"/><kerning first="100" second="63" amount="-1"/><kerning first="100" second="42" amount="-1"/><kerning first="100" second="41" amount="-1"/><kerning first="100" second="45" amount="1"/><kerning first="100" second="93" amount="-1"/><kerning first="102" second="118" amount="1"/><kerning first="102" second="119" amount="1"/><kerning first="102" second="121" amount="1"/><kerning first="102" second="63" amount="1"/><kerning first="102" second="42" amount="1"/><kerning first="102" second="41" amount="1"/><kerning first="102" second="46" amount="-1"/><kerning first="102" second="44" amount="-1"/><kerning first="102" second="47" amount="-1"/><kerning first="102" second="125" amount="1"/><kerning first="102" second="93" amount="1"/><kerning first="103" second="106" amount="1"/><kerning first="103" second="63" amount="-1"/><kerning first="103" second="42" amount="-1"/><kerning first="103" second="93" amount="-1"/><kerning first="104" second="63" amount="-1"/><kerning first="104" second="42" amount="-1"/><kerning first="104" second="41" amount="-1"/><kerning first="104" second="93" amount="-1"/><kerning first="105" second="63" amount="-1"/><kerning first="105" second="42" amount="-1"/><kerning first="105" second="93" amount="-1"/><kerning first="106" second="106" amount="1"/><kerning first="106" second="63" amount="-1"/><kerning first="106" second="42" amount="-1"/><kerning first="107" second="99" amount="-1"/><kerning first="107" second="100" amount="-1"/><kerning first="107" second="101" amount="-1"/><kerning first="107" second="103" amount="-1"/><kerning first="107" second="111" amount="-1"/><kerning first="107" second="113" amount="-1"/><kerning first="107" second="45" amount="-1"/><kerning first="107" second="47" amount="1"/><kerning first="107" second="64" amount="-1"/><kerning first="107" second="93" amount="-1"/><kerning first="108" second="120" amount="1"/><kerning first="108" second="42" amount="-1"/><kerning first="108" second="41" amount="-1"/><kerning first="108" second="46" amount="1"/><kerning first="108" second="44" amount="1"/><kerning first="108" second="93" amount="-1"/><kerning first="109" second="63" amount="-1"/><kerning first="109" second="42" amount="-1"/><kerning first="109" second="41" amount="-1"/><kerning first="109" second="93" amount="-1"/><kerning first="110" second="63" amount="-1"/><kerning first="110" second="42" amount="-1"/><kerning first="110" second="41" amount="-1"/><kerning first="110" second="93" amount="-1"/><kerning first="111" second="63" amount="-1"/><kerning first="111" second="42" amount="-1"/><kerning first="111" second="41" amount="-1"/><kerning first="111" second="46" amount="-1"/><kerning first="111" second="44" amount="-1"/><kerning first="111" second="47" amount="-1"/><kerning first="111" second="125" amount="-1"/><kerning first="111" second="93" amount="-1"/><kerning first="112" second="63" amount="-1"/><kerning first="112" second="42" amount="-1"/><kerning first="112" second="41" amount="-1"/><kerning first="112" second="46" amount="-1"/><kerning first="112" second="44" amount="-1"/><kerning first="112" second="47" amount="-1"/><kerning first="112" second="93" amount="-1"/><kerning first="113" second="106" amount="1"/><kerning first="113" second="63" amount="-1"/><kerning first="113" second="42" amount="-1"/><kerning first="113" second="41" amount="-1"/><kerning first="113" second="47" amount="1"/><kerning first="113" second="93" amount="-1"/><kerning first="114" second="118" amount="1"/><kerning first="114" second="119" amount="1"/><kerning first="114" second="121" amount="1"/><kerning first="114" second="46" amount="-1"/><kerning first="114" second="44" amount="-1"/><kerning first="114" second="47" amount="-1"/><kerning first="115" second="63" amount="-1"/><kerning first="115" second="93" amount="-1"/><kerning first="116" second="93" amount="-1"/><kerning first="117" second="63" amount="-1"/><kerning first="117" second="42" amount="-1"/><kerning first="117" second="93" amount="-1"/><kerning first="118" second="120" amount="1"/><kerning first="118" second="46" amount="-1"/><kerning first="118" second="44" amount="-1"/><kerning first="118" second="47" amount="-1"/><kerning first="118" second="93" amount="-1"/><kerning first="119" second="46" amount="-1"/><kerning first="119" second="44" amount="-1"/><kerning first="119" second="47" amount="-1"/><kerning first="119" second="93" amount="-1"/><kerning first="120" second="97" amount="-1"/><kerning first="120" second="99" amount="-1"/><kerning first="120" second="100" amount="-1"/><kerning first="120" second="101" amount="-1"/><kerning first="120" second="103" amount="-1"/><kerning first="120" second="111" amount="-1"/><kerning first="120" second="113" amount="-1"/><kerning first="120" second="118" amount="1"/><kerning first="120" second="120" amount="1"/><kerning first="120" second="121" amount="1"/><kerning first="120" second="47" amount="1"/><kerning first="120" second="93" amount="-1"/><kerning first="121" second="120" amount="1"/><kerning first="121" second="46" amount="-1"/><kerning first="121" second="44" amount="-1"/><kerning first="121" second="47" amount="-1"/><kerning first="121" second="93" amount="-1"/><kerning first="122" second="120" amount="1"/><kerning first="122" second="46" amount="1"/><kerning first="122" second="44" amount="1"/><kerning first="122" second="93" amount="-1"/><kerning first="65" second="118" amount="-1"/><kerning first="65" second="119" amount="-1"/><kerning first="65" second="120" amount="1"/><kerning first="65" second="121" amount="-1"/><kerning first="65" second="65" amount="1"/><kerning first="65" second="67" amount="-1"/><kerning first="65" second="71" amount="-1"/><kerning first="65" second="74" amount="1"/><kerning first="65" second="79" amount="-1"/><kerning first="65" second="81" amount="-1"/><kerning first="65" second="84" amount="-2"/><kerning first="65" second="86" amount="-2"/><kerning first="65" second="87" amount="-1"/><kerning first="65" second="88" amount="1"/><kerning first="65" second="89" amount="-2"/><kerning first="65" second="90" amount="1"/><kerning first="65" second="63" amount="-1"/><kerning first="65" second="42" amount="-2"/><kerning first="65" second="46" amount="1"/><kerning first="65" second="44" amount="1"/><kerning first="65" second="47" amount="1"/><kerning first="65" second="34" amount="-1"/><kerning first="65" second="39" amount="-1"/><kerning first="65" second="93" amount="-1"/><kerning first="66" second="86" amount="-1"/><kerning first="66" second="88" amount="-1"/><kerning first="66" second="89" amount="-1"/><kerning first="66" second="47" amount="-1"/><kerning first="66" second="93" amount="-1"/><kerning first="67" second="120" amount="1"/><kerning first="67" second="65" amount="1"/><kerning first="67" second="67" amount="-1"/><kerning first="67" second="71" amount="-1"/><kerning first="67" second="74" amount="1"/><kerning first="67" second="79" amount="-1"/><kerning first="67" second="81" amount="-1"/><kerning first="67" second="84" amount="1"/><kerning first="67" second="88" amount="1"/><kerning first="67" second="89" amount="1"/><kerning first="67" second="46" amount="1"/><kerning first="67" second="44" amount="1"/><kerning first="67" second="93" amount="1"/><kerning first="68" second="65" amount="-1"/><kerning first="68" second="74" amount="-1"/><kerning first="68" second="84" amount="-1"/><kerning first="68" second="86" amount="-1"/><kerning first="68" second="88" amount="-1"/><kerning first="68" second="89" amount="-1"/><kerning first="68" second="46" amount="-1"/><kerning first="68" second="44" amount="-1"/><kerning first="68" second="47" amount="-1"/><kerning first="69" second="120" amount="1"/><kerning first="69" second="74" amount="1"/><kerning first="70" second="97" amount="-1"/><kerning first="70" second="65" amount="-1"/><kerning first="70" second="74" amount="-2"/><kerning first="70" second="84" amount="1"/><kerning first="70" second="86" amount="1"/><kerning first="70" second="87" amount="1"/><kerning first="70" second="89" amount="1"/><kerning first="70" second="63" amount="1"/><kerning first="70" second="41" amount="1"/><kerning first="70" second="46" amount="-1"/><kerning first="70" second="44" amount="-1"/><kerning first="70" second="47" amount="-2"/><kerning first="70" second="93" amount="1"/><kerning first="71" second="42" amount="-1"/><kerning first="74" second="47" amount="-1"/><kerning first="75" second="99" amount="-1"/><kerning first="75" second="100" amount="-1"/><kerning first="75" second="101" amount="-1"/><kerning first="75" second="103" amount="-1"/><kerning first="75" second="111" amount="-1"/><kerning first="75" second="113" amount="-1"/><kerning first="75" second="117" amount="-1"/><kerning first="75" second="118" amount="-1"/><kerning first="75" second="119" amount="-1"/><kerning first="75" second="120" amount="1"/><kerning first="75" second="121" amount="-1"/><kerning first="75" second="122" amount="1"/><kerning first="75" second="65" amount="1"/><kerning first="75" second="67" amount="-1"/><kerning first="75" second="71" amount="-1"/><kerning first="75" second="79" amount="-1"/><kerning first="75" second="81" amount="-1"/><kerning first="75" second="84" amount="1"/><kerning first="75" second="88" amount="1"/><kerning first="75" second="90" amount="1"/><kerning first="75" second="42" amount="-1"/><kerning first="75" second="41" amount="1"/><kerning first="75" second="45" amount="-1"/><kerning first="75" second="46" amount="1"/><kerning first="75" second="44" amount="1"/><kerning first="75" second="47" amount="1"/><kerning first="75" second="93" amount="1"/><kerning first="76" second="118" amount="-1"/><kerning first="76" second="119" amount="-1"/><kerning first="76" second="120" amount="1"/><kerning first="76" second="121" amount="-1"/><kerning first="76" second="65" amount="1"/><kerning first="76" second="74" amount="1"/><kerning first="76" second="84" amount="-2"/><kerning first="76" second="86" amount="-2"/><kerning first="76" second="87" amount="-1"/><kerning first="76" second="88" amount="1"/><kerning first="76" second="89" amount="-2"/><kerning first="76" second="59" amount="1"/><kerning first="76" second="58" amount="1"/><kerning first="76" second="63" amount="-1"/><kerning first="76" second="42" amount="-2"/><kerning first="76" second="46" amount="1"/><kerning first="76" second="44" amount="1"/><kerning first="76" second="34" amount="-2"/><kerning first="76" second="39" amount="-2"/><kerning first="76" second="93" amount="-1"/><kerning first="79" second="65" amount="-1"/><kerning first="79" second="74" amount="-1"/><kerning first="79" second="84" amount="-1"/><kerning first="79" second="86" amount="-1"/><kerning first="79" second="88" amount="-1"/><kerning first="79" second="89" amount="-1"/><kerning first="79" second="46" amount="-1"/><kerning first="79" second="44" amount="-1"/><kerning first="79" second="47" amount="-1"/><kerning first="80" second="65" amount="-2"/><kerning first="80" second="74" amount="-2"/><kerning first="80" second="88" amount="-1"/><kerning first="80" second="46" amount="-2"/><kerning first="80" second="44" amount="-2"/><kerning first="80" second="47" amount="-2"/><kerning first="81" second="65" amount="-1"/><kerning first="81" second="74" amount="-1"/><kerning first="81" second="84" amount="-1"/><kerning first="81" second="86" amount="-1"/><kerning first="81" second="88" amount="-1"/><kerning first="81" second="89" amount="-1"/><kerning first="81" second="46" amount="-1"/><kerning first="81" second="44" amount="-1"/><kerning first="81" second="47" amount="-1"/><kerning first="82" second="97" amount="-1"/><kerning first="82" second="99" amount="-1"/><kerning first="82" second="100" amount="-1"/><kerning first="82" second="101" amount="-1"/><kerning first="82" second="103" amount="-1"/><kerning first="82" second="111" amount="-1"/><kerning first="82" second="113" amount="-1"/><kerning first="82" second="65" amount="1"/><kerning first="82" second="74" amount="1"/><kerning first="82" second="89" amount="-1"/><kerning first="82" second="46" amount="1"/><kerning first="82" second="44" amount="1"/><kerning first="82" second="93" amount="-1"/><kerning first="83" second="42" amount="-1"/><kerning first="83" second="45" amount="1"/><kerning first="84" second="97" amount="-2"/><kerning first="84" second="99" amount="-2"/><kerning first="84" second="100" amount="-2"/><kerning first="84" second="101" amount="-2"/><kerning first="84" second="103" amount="-2"/><kerning first="84" second="109" amount="-2"/><kerning first="84" second="110" amount="-2"/><kerning first="84" second="111" amount="-2"/><kerning first="84" second="112" amount="-2"/><kerning first="84" second="113" amount="-2"/><kerning first="84" second="114" amount="-2"/><kerning first="84" second="115" amount="-2"/><kerning first="84" second="117" amount="-2"/><kerning first="84" second="118" amount="-2"/><kerning first="84" second="119" amount="-2"/><kerning first="84" second="120" amount="-2"/><kerning first="84" second="121" amount="-2"/><kerning first="84" second="122" amount="-2"/><kerning first="84" second="65" amount="-2"/><kerning first="84" second="67" amount="-1"/><kerning first="84" second="71" amount="-1"/><kerning first="84" second="74" amount="-2"/><kerning first="84" second="79" amount="-1"/><kerning first="84" second="81" amount="-1"/><kerning first="84" second="84" amount="1"/><kerning first="84" second="86" amount="1"/><kerning first="84" second="87" amount="1"/><kerning first="84" second="88" amount="1"/><kerning first="84" second="89" amount="1"/><kerning first="84" second="59" amount="-1"/><kerning first="84" second="58" amount="-1"/><kerning first="84" second="63" amount="1"/><kerning first="84" second="41" amount="1"/><kerning first="84" second="45" amount="-1"/><kerning first="84" second="46" amount="-2"/><kerning first="84" second="44" amount="-2"/><kerning first="84" second="47" amount="-2"/><kerning first="84" second="64" amount="-1"/><kerning first="84" second="93" amount="1"/><kerning first="85" second="46" amount="-1"/><kerning first="85" second="44" amount="-1"/><kerning first="85" second="47" amount="-1"/><kerning first="86" second="97" amount="-1"/><kerning first="86" second="99" amount="-1"/><kerning first="86" second="100" amount="-1"/><kerning first="86" second="101" amount="-1"/><kerning first="86" second="103" amount="-1"/><kerning first="86" second="109" amount="-1"/><kerning first="86" second="110" amount="-1"/><kerning first="86" second="111" amount="-1"/><kerning first="86" second="112" amount="-1"/><kerning first="86" second="113" amount="-1"/><kerning first="86" second="114" amount="-1"/><kerning first="86" second="115" amount="-1"/><kerning first="86" second="117" amount="-1"/><kerning first="86" second="65" amount="-2"/><kerning first="86" second="67" amount="-1"/><kerning first="86" second="71" amount="-1"/><kerning first="86" second="74" amount="-2"/><kerning first="86" second="79" amount="-1"/><kerning first="86" second="81" amount="-1"/><kerning first="86" second="84" amount="1"/><kerning first="86" second="86" amount="1"/><kerning first="86" second="87" amount="1"/><kerning first="86" second="88" amount="1"/><kerning first="86" second="89" amount="1"/><kerning first="86" second="63" amount="1"/><kerning first="86" second="40" amount="-1"/><kerning first="86" second="41" amount="1"/><kerning first="86" second="45" amount="-1"/><kerning first="86" second="46" amount="-2"/><kerning first="86" second="44" amount="-2"/><kerning first="86" second="47" amount="-2"/><kerning first="86" second="64" amount="-1"/><kerning first="86" second="38" amount="-1"/><kerning first="86" second="93" amount="1"/><kerning first="87" second="65" amount="-1"/><kerning first="87" second="74" amount="-1"/><kerning first="87" second="84" amount="1"/><kerning first="87" second="86" amount="1"/><kerning first="87" second="87" amount="1"/><kerning first="87" second="88" amount="1"/><kerning first="87" second="89" amount="1"/><kerning first="87" second="63" amount="1"/><kerning first="87" second="41" amount="1"/><kerning first="87" second="46" amount="-1"/><kerning first="87" second="44" amount="-1"/><kerning first="87" second="47" amount="-1"/><kerning first="88" second="97" amount="-1"/><kerning first="88" second="99" amount="-1"/><kerning first="88" second="100" amount="-1"/><kerning first="88" second="101" amount="-1"/><kerning first="88" second="103" amount="-1"/><kerning first="88" second="111" amount="-1"/><kerning first="88" second="113" amount="-1"/><kerning first="88" second="117" amount="-1"/><kerning first="88" second="118" amount="-1"/><kerning first="88" second="119" amount="-1"/><kerning first="88" second="120" amount="1"/><kerning first="88" second="121" amount="-1"/><kerning first="88" second="65" amount="1"/><kerning first="88" second="67" amount="-1"/><kerning first="88" second="71" amount="-1"/><kerning first="88" second="74" amount="1"/><kerning first="88" second="79" amount="-1"/><kerning first="88" second="81" amount="-1"/><kerning first="88" second="84" amount="1"/><kerning first="88" second="86" amount="1"/><kerning first="88" second="87" amount="1"/><kerning first="88" second="88" amount="1"/><kerning first="88" second="89" amount="1"/><kerning first="88" second="90" amount="1"/><kerning first="88" second="42" amount="-1"/><kerning first="88" second="41" amount="1"/><kerning first="88" second="45" amount="-1"/><kerning first="88" second="46" amount="1"/><kerning first="88" second="44" amount="1"/><kerning first="88" second="47" amount="1"/><kerning first="88" second="93" amount="1"/><kerning first="89" second="97" amount="-2"/><kerning first="89" second="99" amount="-2"/><kerning first="89" second="100" amount="-2"/><kerning first="89" second="101" amount="-2"/><kerning first="89" second="103" amount="-2"/><kerning first="89" second="109" amount="-1"/><kerning first="89" second="110" amount="-1"/><kerning first="89" second="111" amount="-2"/><kerning first="89" second="112" amount="-1"/><kerning first="89" second="113" amount="-2"/><kerning first="89" second="114" amount="-1"/><kerning first="89" second="115" amount="-2"/><kerning first="89" second="117" amount="-1"/><kerning first="89" second="122" amount="-1"/><kerning first="89" second="65" amount="-2"/><kerning first="89" second="67" amount="-1"/><kerning first="89" second="71" amount="-1"/><kerning first="89" second="74" amount="-2"/><kerning first="89" second="79" amount="-1"/><kerning first="89" second="81" amount="-1"/><kerning first="89" second="84" amount="1"/><kerning first="89" second="86" amount="1"/><kerning first="89" second="87" amount="1"/><kerning first="89" second="88" amount="1"/><kerning first="89" second="89" amount="1"/><kerning first="89" second="59" amount="-1"/><kerning first="89" second="58" amount="-1"/><kerning first="89" second="63" amount="1"/><kerning first="89" second="40" amount="-1"/><kerning first="89" second="41" amount="1"/><kerning first="89" second="45" amount="-2"/><kerning first="89" second="46" amount="-2"/><kerning first="89" second="44" amount="-2"/><kerning first="89" second="47" amount="-2"/><kerning first="89" second="64" amount="-1"/><kerning first="89" second="38" amount="-1"/><kerning first="89" second="93" amount="1"/><kerning first="90" second="120" amount="1"/><kerning first="90" second="65" amount="1"/><kerning first="90" second="74" amount="1"/><kerning first="90" second="86" amount="1"/><kerning first="90" second="88" amount="1"/><kerning first="90" second="89" amount="1"/><kerning first="90" second="46" amount="1"/><kerning first="90" second="44" amount="1"/><kerning first="90" second="93" amount="1"/><kerning first="59" second="74" amount="1"/><kerning first="59" second="84" amount="-1"/><kerning first="59" second="89" amount="-1"/><kerning first="58" second="74" amount="1"/><kerning first="58" second="84" amount="-1"/><kerning first="58" second="89" amount="-1"/><kerning first="42" second="99" amount="-1"/><kerning first="42" second="100" amount="-1"/><kerning first="42" second="101" amount="-1"/><kerning first="42" second="103" amount="-1"/><kerning first="42" second="111" amount="-1"/><kerning first="42" second="113" amount="-1"/><kerning first="42" second="65" amount="-2"/><kerning first="42" second="74" amount="-2"/><kerning first="42" second="88" amount="-1"/><kerning first="40" second="97" amount="-1"/><kerning first="40" second="99" amount="-1"/><kerning first="40" second="100" amount="-1"/><kerning first="40" second="101" amount="-1"/><kerning first="40" second="103" amount="-1"/><kerning first="40" second="106" amount="2"/><kerning first="40" second="109" amount="-1"/><kerning first="40" second="110" amount="-1"/><kerning first="40" second="111" amount="-1"/><kerning first="40" second="112" amount="-1"/><kerning first="40" second="113" amount="-1"/><kerning first="40" second="114" amount="-1"/><kerning first="40" second="117" amount="-1"/><kerning first="40" second="121" amount="1"/><kerning first="40" second="84" amount="1"/><kerning first="40" second="86" amount="1"/><kerning first="40" second="87" amount="1"/><kerning first="40" second="88" amount="1"/><kerning first="40" second="89" amount="1"/><kerning first="40" second="40" amount="-1"/><kerning first="40" second="41" amount="2"/><kerning first="40" second="64" amount="-1"/><kerning first="41" second="86" amount="-1"/><kerning first="41" second="89" amount="-1"/><kerning first="41" second="40" amount="-1"/><kerning first="41" second="45" amount="1"/><kerning first="45" second="102" amount="1"/><kerning first="45" second="84" amount="-1"/><kerning first="45" second="86" amount="-1"/><kerning first="45" second="88" amount="-1"/><kerning first="45" second="89" amount="-2"/><kerning first="46" second="97" amount="-1"/><kerning first="46" second="99" amount="-1"/><kerning first="46" second="100" amount="-1"/><kerning first="46" second="101" amount="-1"/><kerning first="46" second="103" amount="-1"/><kerning first="46" second="111" amount="-1"/><kerning first="46" second="113" amount="-1"/><kerning first="46" second="118" amount="-1"/><kerning first="46" second="119" amount="-1"/><kerning first="46" second="121" amount="-1"/><kerning first="46" second="65" amount="1"/><kerning first="46" second="67" amount="-1"/><kerning first="46" second="71" amount="-1"/><kerning first="46" second="74" amount="1"/><kerning first="46" second="79" amount="-1"/><kerning first="46" second="81" amount="-1"/><kerning first="46" second="84" amount="-2"/><kerning first="46" second="85" amount="-1"/><kerning first="46" second="86" amount="-2"/><kerning first="46" second="87" amount="-1"/><kerning first="46" second="88" amount="1"/><kerning first="46" second="89" amount="-2"/><kerning first="46" second="90" amount="1"/><kerning first="44" second="97" amount="-1"/><kerning first="44" second="99" amount="-1"/><kerning first="44" second="100" amount="-1"/><kerning first="44" second="101" amount="-1"/><kerning first="44" second="103" amount="-1"/><kerning first="44" second="111" amount="-1"/><kerning first="44" second="113" amount="-1"/><kerning first="44" second="118" amount="-1"/><kerning first="44" second="119" amount="-1"/><kerning first="44" second="121" amount="-1"/><kerning first="44" second="65" amount="1"/><kerning first="44" second="67" amount="-1"/><kerning first="44" second="71" amount="-1"/><kerning first="44" second="74" amount="1"/><kerning first="44" second="79" amount="-1"/><kerning first="44" second="81" amount="-1"/><kerning first="44" second="84" amount="-2"/><kerning first="44" second="85" amount="-1"/><kerning first="44" second="86" amount="-2"/><kerning first="44" second="87" amount="-1"/><kerning first="44" second="88" amount="1"/><kerning first="44" second="89" amount="-2"/><kerning first="44" second="90" amount="1"/><kerning first="47" second="97" amount="-1"/><kerning first="47" second="99" amount="-1"/><kerning first="47" second="100" amount="-1"/><kerning first="47" second="101" amount="-1"/><kerning first="47" second="103" amount="-1"/><kerning first="47" second="109" amount="-1"/><kerning first="47" second="110" amount="-1"/><kerning first="47" second="111" amount="-1"/><kerning first="47" second="112" amount="-1"/><kerning first="47" second="113" amount="-1"/><kerning first="47" second="114" amount="-1"/><kerning first="47" second="115" amount="-1"/><kerning first="47" second="65" amount="-2"/><kerning first="47" second="67" amount="-1"/><kerning first="47" second="71" amount="-1"/><kerning first="47" second="74" amount="-2"/><kerning first="47" second="79" amount="-1"/><kerning first="47" second="81" amount="-1"/><kerning first="47" second="84" amount="1"/><kerning first="47" second="86" amount="1"/><kerning first="47" second="87" amount="1"/><kerning first="47" second="88" amount="1"/><kerning first="47" second="89" amount="1"/><kerning first="47" second="64" amount="-1"/><kerning first="34" second="65" amount="-1"/><kerning first="34" second="74" amount="-2"/><kerning first="39" second="65" amount="-1"/><kerning first="39" second="74" amount="-2"/><kerning first="64" second="84" amount="-1"/><kerning first="64" second="86" amount="-1"/><kerning first="64" second="88" amount="-1"/><kerning first="64" second="89" amount="-1"/><kerning first="38" second="118" amount="-1"/><kerning first="38" second="119" amount="-1"/><kerning first="38" second="121" amount="-1"/><kerning first="38" second="65" amount="1"/><kerning first="38" second="84" amount="-2"/><kerning first="38" second="86" amount="-2"/><kerning first="38" second="87" amount="-1"/><kerning first="38" second="89" amount="-2"/><kerning first="123" second="125" amount="2"/><kerning first="91" second="97" amount="-1"/><kerning first="91" second="99" amount="-1"/><kerning first="91" second="100" amount="-1"/><kerning first="91" second="101" amount="-1"/><kerning first="91" second="103" amount="-1"/><kerning first="91" second="106" amount="2"/><kerning first="91" second="109" amount="-1"/><kerning first="91" second="110" amount="-1"/><kerning first="91" second="111" amount="-1"/><kerning first="91" second="112" amount="-1"/><kerning first="91" second="113" amount="-1"/><kerning first="91" second="114" amount="-1"/><kerning first="91" second="115" amount="-1"/><kerning first="91" second="117" amount="-1"/><kerning first="91" second="118" amount="-1"/><kerning first="91" second="119" amount="-1"/><kerning first="91" second="120" amount="-1"/><kerning first="91" second="121" amount="1"/><kerning first="91" second="122" amount="-1"/><kerning first="91" second="65" amount="-1"/><kerning first="91" second="74" amount="-1"/><kerning first="91" second="84" amount="1"/><kerning first="91" second="86" amount="1"/><kerning first="91" second="87" amount="1"/><kerning first="91" second="88" amount="1"/><kerning first="91" second="89" amount="1"/><kerning first="91" second="93" amount="2"/><kerning first="93" second="106" amount="1"/></kernings></font>