<?xml version="1.0" encoding="UTF-8"?><font><info face="BlendaScript" size="24" bold="0" italic="0" charset="" unicode="1" stretchH="100" smooth="1" aa="1" padding="1,1,1,1" spacing="1,1"/><common lineHeight="24" base="24" scaleW="179" scaleH="182" pages="1" packed="0"/><pages><page id="0" file="Blenda-BMF.png"/></pages><chars count="91"><char id="32" x="0" y="0" width="0" height="0" xoffset="0" yoffset="0" xadvance="6" page="0" chnl="15"/><char id="33" x="169" y="41" width="10" height="19" xoffset="1" yoffset="1" xadvance="8" page="0" chnl="15"/><char id="34" x="8" y="172" width="11" height="8" xoffset="0" yoffset="-1" xadvance="9" page="0" chnl="15"/><char id="35" x="72" y="99" width="17" height="21" xoffset="0" yoffset="0" xadvance="14" page="0" chnl="15"/><char id="36" x="141" y="157" width="12" height="20" xoffset="0" yoffset="1" xadvance="10" page="0" chnl="15"/><char id="37" x="91" y="92" width="16" height="21" xoffset="0" yoffset="0" xadvance="15" page="0" chnl="15"/><char id="38" x="52" y="114" width="19" height="21" xoffset="0" yoffset="0" xadvance="16" page="0" chnl="15"/><char id="39" x="169" y="77" width="7" height="7" xoffset="1" yoffset="0" xadvance="5" page="0" chnl="15"/><char id="40" x="107" y="156" width="11" height="26" xoffset="0" yoffset="0" xadvance="7" page="0" chnl="15"/><char id="41" x="156" y="74" width="11" height="26" xoffset="-3" yoffset="0" xadvance="7" page="0" chnl="15"/><char id="42" x="34" y="169" width="11" height="11" xoffset="1" yoffset="0" xadvance="10" page="0" chnl="15"/><char id="43" x="156" y="62" width="12" height="11" xoffset="1" yoffset="7" xadvance="12" page="0" chnl="15"/><char id="44" x="0" y="172" width="7" height="9" xoffset="1" yoffset="14" xadvance="6" page="0" chnl="15"/><char id="45" x="156" y="177" width="9" height="4" xoffset="0" yoffset="11" xadvance="8" page="0" chnl="15"/><char id="46" x="169" y="85" width="7" height="6" xoffset="0" yoffset="14" xadvance="7" page="0" chnl="15"/><char id="47" x="156" y="141" width="10" height="27" xoffset="-1" yoffset="-1" xadvance="6" page="0" chnl="15"/><char id="48" x="91" y="26" width="16" height="21" xoffset="0" yoffset="-1" xadvance="14" page="0" chnl="15"/><char id="49" x="169" y="0" width="10" height="20" xoffset="0" yoffset="0" xadvance="8" page="0" chnl="15"/><char id="50" x="125" y="0" width="15" height="20" xoffset="0" yoffset="0" xadvance="13" page="0" chnl="15"/><char id="51" x="125" y="140" width="14" height="20" xoffset="0" yoffset="0" xadvance="13" page="0" chnl="15"/><char id="52" x="125" y="21" width="15" height="20" xoffset="0" yoffset="0" xadvance="14" page="0" chnl="15"/><char id="53" x="108" y="90" width="15" height="21" xoffset="0" yoffset="-1" xadvance="13" page="0" chnl="15"/><char id="54" x="108" y="112" width="15" height="21" xoffset="0" yoffset="-1" xadvance="13" page="0" chnl="15"/><char id="55" x="91" y="114" width="16" height="20" xoffset="0" yoffset="0" xadvance="12" page="0" chnl="15"/><char id="56" x="108" y="134" width="15" height="21" xoffset="0" yoffset="-1" xadvance="13" page="0" chnl="15"/><char id="57" x="125" y="42" width="15" height="20" xoffset="0" yoffset="0" xadvance="13" page="0" chnl="15"/><char id="58" x="25" y="169" width="8" height="12" xoffset="1" yoffset="7" xadvance="8" page="0" chnl="15"/><char id="59" x="169" y="61" width="8" height="15" xoffset="1" yoffset="8" xadvance="8" page="0" chnl="15"/><char id="61" x="125" y="84" width="15" height="11" xoffset="0" yoffset="7" xadvance="13" page="0" chnl="15"/><char id="63" x="156" y="27" width="12" height="19" xoffset="1" yoffset="1" xadvance="11" page="0" chnl="15"/><char id="64" x="108" y="0" width="16" height="17" xoffset="0" yoffset="4" xadvance="15" page="0" chnl="15"/><char id="65" x="25" y="91" width="20" height="20" xoffset="-1" yoffset="0" xadvance="16" page="0" chnl="15"/><char id="66" x="72" y="0" width="18" height="20" xoffset="1" yoffset="0" xadvance="18" page="0" chnl="15"/><char id="67" x="52" y="25" width="19" height="22" xoffset="0" yoffset="-1" xadvance="14" page="0" chnl="15"/><char id="68" x="25" y="112" width="20" height="20" xoffset="2" yoffset="0" xadvance="20" page="0" chnl="15"/><char id="69" x="52" y="48" width="19" height="21" xoffset="1" yoffset="-1" xadvance="16" page="0" chnl="15"/><char id="70" x="52" y="70" width="19" height="21" xoffset="1" yoffset="-1" xadvance="16" page="0" chnl="15"/><char id="71" x="91" y="0" width="16" height="25" xoffset="1" yoffset="0" xadvance="16" page="0" chnl="15"/><char id="72" x="0" y="130" width="22" height="20" xoffset="1" yoffset="0" xadvance="20" page="0" chnl="15"/><char id="73" x="125" y="118" width="14" height="21" xoffset="1" yoffset="-1" xadvance="12" page="0" chnl="15"/><char id="74" x="72" y="73" width="17" height="25" xoffset="-2" yoffset="0" xadvance="12" page="0" chnl="15"/><char id="75" x="0" y="151" width="22" height="20" xoffset="1" yoffset="0" xadvance="20" page="0" chnl="15"/><char id="76" x="25" y="42" width="21" height="26" xoffset="1" yoffset="0" xadvance="13" page="0" chnl="15"/><char id="77" x="0" y="85" width="22" height="22" xoffset="1" yoffset="-1" xadvance="20" page="0" chnl="15"/><char id="78" x="25" y="133" width="20" height="20" xoffset="1" yoffset="0" xadvance="18" page="0" chnl="15"/><char id="79" x="52" y="92" width="19" height="21" xoffset="1" yoffset="-1" xadvance="18" page="0" chnl="15"/><char id="80" x="72" y="121" width="17" height="20" xoffset="1" yoffset="0" xadvance="15" page="0" chnl="15"/><char id="81" x="52" y="0" width="19" height="24" xoffset="1" yoffset="-1" xadvance="18" page="0" chnl="15"/><char id="82" x="72" y="142" width="17" height="20" xoffset="1" yoffset="0" xadvance="17" page="0" chnl="15"/><char id="83" x="91" y="70" width="16" height="21" xoffset="0" yoffset="-1" xadvance="14" page="0" chnl="15"/><char id="84" x="0" y="108" width="22" height="21" xoffset="1" yoffset="-1" xadvance="18" page="0" chnl="15"/><char id="85" x="29" y="0" width="22" height="20" xoffset="1" yoffset="0" xadvance="20" page="0" chnl="15"/><char id="86" x="25" y="69" width="21" height="21" xoffset="1" yoffset="-1" xadvance="17" page="0" chnl="15"/><char id="87" x="0" y="0" width="28" height="20" xoffset="2" yoffset="0" xadvance="26" page="0" chnl="15"/><char id="88" x="25" y="21" width="22" height="20" xoffset="1" yoffset="0" xadvance="19" page="0" chnl="15"/><char id="89" x="0" y="58" width="22" height="26" xoffset="1" yoffset="0" xadvance="21" page="0" chnl="15"/><char id="90" x="52" y="136" width="18" height="21" xoffset="0" yoffset="0" xadvance="15" page="0" chnl="15"/><char id="91" x="156" y="0" width="12" height="26" xoffset="-1" yoffset="0" xadvance="8" page="0" chnl="15"/><char id="93" x="141" y="46" width="13" height="26" xoffset="-3" yoffset="0" xadvance="8" page="0" chnl="15"/><char id="94" x="156" y="169" width="10" height="7" xoffset="1" yoffset="0" xadvance="11" page="0" chnl="15"/><char id="95" x="141" y="178" width="12" height="4" xoffset="-1" yoffset="16" xadvance="11" page="0" chnl="15"/><char id="97" x="72" y="41" width="18" height="15" xoffset="0" yoffset="5" xadvance="14" page="0" chnl="15"/><char id="98" x="72" y="163" width="14" height="19" xoffset="0" yoffset="1" xadvance="12" page="0" chnl="15"/><char id="99" x="141" y="73" width="13" height="14" xoffset="0" yoffset="6" xadvance="9" page="0" chnl="15"/><char id="100" x="72" y="21" width="18" height="19" xoffset="0" yoffset="1" xadvance="13" page="0" chnl="15"/><char id="101" x="141" y="88" width="13" height="14" xoffset="0" yoffset="6" xadvance="9" page="0" chnl="15"/><char id="102" x="91" y="156" width="15" height="26" xoffset="-2" yoffset="0" xadvance="7" page="0" chnl="15"/><char id="103" x="91" y="48" width="16" height="21" xoffset="-1" yoffset="5" xadvance="13" page="0" chnl="15"/><char id="104" x="52" y="158" width="18" height="20" xoffset="-1" yoffset="1" xadvance="12" page="0" chnl="15"/><char id="105" x="156" y="101" width="11" height="19" xoffset="0" yoffset="1" xadvance="7" page="0" chnl="15"/><char id="106" x="108" y="64" width="15" height="25" xoffset="-6" yoffset="1" xadvance="6" page="0" chnl="15"/><char id="107" x="125" y="161" width="14" height="19" xoffset="0" yoffset="1" xadvance="11" page="0" chnl="15"/><char id="108" x="169" y="21" width="10" height="19" xoffset="0" yoffset="1" xadvance="6" page="0" chnl="15"/><char id="109" x="0" y="43" width="23" height="14" xoffset="-1" yoffset="6" xadvance="18" page="0" chnl="15"/><char id="110" x="72" y="57" width="18" height="15" xoffset="0" yoffset="6" xadvance="14" page="0" chnl="15"/><char id="111" x="108" y="34" width="16" height="14" xoffset="0" yoffset="6" xadvance="12" page="0" chnl="15"/><char id="112" x="91" y="135" width="16" height="20" xoffset="-2" yoffset="6" xadvance="12" page="0" chnl="15"/><char id="113" x="125" y="96" width="14" height="21" xoffset="0" yoffset="5" xadvance="12" page="0" chnl="15"/><char id="114" x="141" y="16" width="14" height="14" xoffset="0" yoffset="6" xadvance="11" page="0" chnl="15"/><char id="115" x="141" y="0" width="14" height="15" xoffset="0" yoffset="6" xadvance="11" page="0" chnl="15"/><char id="116" x="156" y="121" width="11" height="19" xoffset="0" yoffset="2" xadvance="7" page="0" chnl="15"/><char id="117" x="108" y="49" width="16" height="14" xoffset="0" yoffset="6" xadvance="12" page="0" chnl="15"/><char id="118" x="156" y="47" width="12" height="14" xoffset="0" yoffset="6" xadvance="9" page="0" chnl="15"/><char id="119" x="25" y="154" width="20" height="14" xoffset="0" yoffset="6" xadvance="16" page="0" chnl="15"/><char id="120" x="108" y="18" width="16" height="15" xoffset="-1" yoffset="6" xadvance="11" page="0" chnl="15"/><char id="121" x="125" y="63" width="15" height="20" xoffset="0" yoffset="6" xadvance="12" page="0" chnl="15"/><char id="122" x="141" y="31" width="14" height="14" xoffset="0" yoffset="6" xadvance="11" page="0" chnl="15"/><char id="123" x="141" y="103" width="12" height="26" xoffset="0" yoffset="0" xadvance="8" page="0" chnl="15"/><char id="124" x="169" y="92" width="5" height="27" xoffset="2" yoffset="-1" xadvance="8" page="0" chnl="15"/><char id="125" x="141" y="130" width="12" height="26" xoffset="-3" yoffset="0" xadvance="7" page="0" chnl="15"/><char id="8470" x="0" y="21" width="24" height="21" xoffset="0" yoffset="0" xadvance="23" page="0" chnl="15"/></chars><kernings count="667"><kerning first="48" second="65" amount="1"/><kerning first="50" second="45" amount="-1"/><kerning first="52" second="65" amount="1"/><kerning first="54" second="65" amount="1"/><kerning first="55" second="43" amount="-1"/><kerning first="55" second="45" amount="-1"/><kerning first="55" second="61" amount="-1"/><kerning first="55" second="46" amount="-1"/><kerning first="55" second="44" amount="-1"/><kerning first="57" second="65" amount="1"/><kerning first="97" second="33" amount="1"/><kerning first="97" second="59" amount="1"/><kerning first="97" second="58" amount="1"/><kerning first="97" second="46" amount="1"/><kerning first="97" second="44" amount="1"/><kerning first="97" second="47" amount="1"/><kerning first="97" second="64" amount="2"/><kerning first="97" second="38" amount="2"/><kerning first="97" second="125" amount="1"/><kerning first="98" second="98" amount="-1"/><kerning first="98" second="70" amount="-1"/><kerning first="98" second="78" amount="-1"/><kerning first="98" second="84" amount="-1"/><kerning first="98" second="90" amount="-1"/><kerning first="98" second="41" amount="-1"/><kerning first="98" second="34" amount="-1"/><kerning first="98" second="39" amount="-1"/><kerning first="99" second="99" amount="1"/><kerning first="99" second="101" amount="1"/><kerning first="99" second="111" amount="1"/><kerning first="99" second="33" amount="1"/><kerning first="99" second="59" amount="1"/><kerning first="99" second="58" amount="1"/><kerning first="99" second="46" amount="1"/><kerning first="99" second="44" amount="1"/><kerning first="99" second="47" amount="1"/><kerning first="99" second="64" amount="1"/><kerning first="99" second="38" amount="2"/><kerning first="100" second="33" amount="1"/><kerning first="100" second="59" amount="1"/><kerning first="100" second="58" amount="1"/><kerning first="100" second="46" amount="1"/><kerning first="100" second="44" amount="1"/><kerning first="100" second="47" amount="1"/><kerning first="100" second="64" amount="2"/><kerning first="100" second="38" amount="2"/><kerning first="100" second="125" amount="1"/><kerning first="101" second="97" amount="1"/><kerning first="101" second="99" amount="1"/><kerning first="101" second="101" amount="1"/><kerning first="101" second="102" amount="1"/><kerning first="101" second="103" amount="1"/><kerning first="101" second="108" amount="1"/><kerning first="101" second="109" amount="1"/><kerning first="101" second="111" amount="1"/><kerning first="101" second="113" amount="1"/><kerning first="101" second="117" amount="1"/><kerning first="101" second="33" amount="1"/><kerning first="101" second="59" amount="1"/><kerning first="101" second="58" amount="1"/><kerning first="101" second="46" amount="1"/><kerning first="101" second="44" amount="1"/><kerning first="101" second="47" amount="1"/><kerning first="101" second="64" amount="1"/><kerning first="101" second="38" amount="1"/><kerning first="102" second="66" amount="1"/><kerning first="102" second="68" amount="1"/><kerning first="102" second="70" amount="2"/><kerning first="102" second="71" amount="1"/><kerning first="102" second="72" amount="1"/><kerning first="102" second="73" amount="1"/><kerning first="102" second="75" amount="1"/><kerning first="102" second="76" amount="1"/><kerning first="102" second="77" amount="1"/><kerning first="102" second="78" amount="2"/><kerning first="102" second="79" amount="1"/><kerning first="102" second="80" amount="1"/><kerning first="102" second="81" amount="1"/><kerning first="102" second="82" amount="1"/><kerning first="102" second="83" amount="1"/><kerning first="102" second="84" amount="2"/><kerning first="102" second="85" amount="1"/><kerning first="102" second="86" amount="1"/><kerning first="102" second="87" amount="1"/><kerning first="102" second="88" amount="1"/><kerning first="102" second="89" amount="1"/><kerning first="102" second="90" amount="2"/><kerning first="102" second="33" amount="1"/><kerning first="102" second="63" amount="2"/><kerning first="102" second="42" amount="2"/><kerning first="102" second="41" amount="1"/><kerning first="102" second="47" amount="1"/><kerning first="102" second="124" amount="2"/><kerning first="102" second="34" amount="1"/><kerning first="102" second="39" amount="1"/><kerning first="102" second="125" amount="1"/><kerning first="102" second="93" amount="1"/><kerning first="103" second="33" amount="1"/><kerning first="103" second="59" amount="1"/><kerning first="103" second="58" amount="1"/><kerning first="103" second="46" amount="1"/><kerning first="103" second="44" amount="1"/><kerning first="103" second="47" amount="1"/><kerning first="103" second="64" amount="2"/><kerning first="103" second="38" amount="2"/><kerning first="103" second="125" amount="1"/><kerning first="104" second="84" amount="-1"/><kerning first="104" second="85" amount="-1"/><kerning first="104" second="86" amount="-1"/><kerning first="104" second="87" amount="-1"/><kerning first="104" second="88" amount="-1"/><kerning first="104" second="89" amount="-1"/><kerning first="104" second="33" amount="1"/><kerning first="104" second="59" amount="1"/><kerning first="104" second="58" amount="1"/><kerning first="104" second="46" amount="1"/><kerning first="104" second="44" amount="1"/><kerning first="104" second="47" amount="1"/><kerning first="104" second="34" amount="-1"/><kerning first="104" second="39" amount="-1"/><kerning first="104" second="64" amount="2"/><kerning first="104" second="38" amount="2"/><kerning first="105" second="33" amount="1"/><kerning first="105" second="59" amount="1"/><kerning first="105" second="58" amount="1"/><kerning first="105" second="46" amount="1"/><kerning first="105" second="44" amount="1"/><kerning first="105" second="47" amount="1"/><kerning first="105" second="64" amount="2"/><kerning first="105" second="38" amount="2"/><kerning first="105" second="125" amount="1"/><kerning first="106" second="33" amount="1"/><kerning first="106" second="59" amount="1"/><kerning first="106" second="58" amount="1"/><kerning first="106" second="46" amount="1"/><kerning first="106" second="44" amount="1"/><kerning first="106" second="47" amount="1"/><kerning first="106" second="64" amount="2"/><kerning first="106" second="38" amount="2"/><kerning first="106" second="125" amount="1"/><kerning first="107" second="33" amount="1"/><kerning first="107" second="59" amount="1"/><kerning first="107" second="58" amount="1"/><kerning first="107" second="46" amount="1"/><kerning first="107" second="44" amount="1"/><kerning first="107" second="47" amount="1"/><kerning first="107" second="64" amount="2"/><kerning first="107" second="38" amount="2"/><kerning first="108" second="33" amount="1"/><kerning first="108" second="59" amount="1"/><kerning first="108" second="58" amount="1"/><kerning first="108" second="46" amount="1"/><kerning first="108" second="44" amount="1"/><kerning first="108" second="47" amount="1"/><kerning first="108" second="64" amount="2"/><kerning first="108" second="38" amount="2"/><kerning first="108" second="125" amount="1"/><kerning first="109" second="109" amount="1"/><kerning first="109" second="84" amount="-1"/><kerning first="109" second="85" amount="-1"/><kerning first="109" second="86" amount="-1"/><kerning first="109" second="87" amount="-1"/><kerning first="109" second="88" amount="-1"/><kerning first="109" second="89" amount="-1"/><kerning first="109" second="33" amount="1"/><kerning first="109" second="59" amount="1"/><kerning first="109" second="58" amount="1"/><kerning first="109" second="46" amount="1"/><kerning first="109" second="44" amount="1"/><kerning first="109" second="47" amount="1"/><kerning first="109" second="34" amount="-1"/><kerning first="109" second="39" amount="-1"/><kerning first="109" second="64" amount="2"/><kerning first="109" second="38" amount="2"/><kerning first="110" second="84" amount="-1"/><kerning first="110" second="85" amount="-1"/><kerning first="110" second="86" amount="-1"/><kerning first="110" second="87" amount="-1"/><kerning first="110" second="88" amount="-1"/><kerning first="110" second="89" amount="-1"/><kerning first="110" second="33" amount="1"/><kerning first="110" second="59" amount="1"/><kerning first="110" second="58" amount="1"/><kerning first="110" second="46" amount="1"/><kerning first="110" second="44" amount="1"/><kerning first="110" second="47" amount="1"/><kerning first="110" second="34" amount="-1"/><kerning first="110" second="39" amount="-1"/><kerning first="110" second="64" amount="2"/><kerning first="110" second="38" amount="2"/><kerning first="111" second="110" amount="-1"/><kerning first="111" second="120" amount="-1"/><kerning first="111" second="33" amount="2"/><kerning first="111" second="59" amount="2"/><kerning first="111" second="58" amount="2"/><kerning first="111" second="45" amount="1"/><kerning first="111" second="47" amount="2"/><kerning first="111" second="124" amount="2"/><kerning first="111" second="64" amount="2"/><kerning first="111" second="38" amount="1"/><kerning first="111" second="125" amount="1"/><kerning first="112" second="101" amount="1"/><kerning first="112" second="116" amount="1"/><kerning first="112" second="41" amount="-1"/><kerning first="112" second="39" amount="-1"/><kerning first="114" second="102" amount="2"/><kerning first="114" second="116" amount="1"/><kerning first="114" second="83" amount="-1"/><kerning first="114" second="90" amount="-1"/><kerning first="114" second="41" amount="-1"/><kerning first="115" second="99" amount="1"/><kerning first="115" second="101" amount="1"/><kerning first="115" second="116" amount="1"/><kerning first="115" second="70" amount="-1"/><kerning first="115" second="84" amount="-1"/><kerning first="115" second="85" amount="-1"/><kerning first="115" second="86" amount="-1"/><kerning first="115" second="87" amount="-1"/><kerning first="115" second="88" amount="-1"/><kerning first="115" second="89" amount="-1"/><kerning first="115" second="59" amount="1"/><kerning first="115" second="58" amount="1"/><kerning first="115" second="46" amount="1"/><kerning first="115" second="44" amount="1"/><kerning first="115" second="47" amount="1"/><kerning first="115" second="64" amount="2"/><kerning first="115" second="38" amount="2"/><kerning first="116" second="97" amount="1"/><kerning first="116" second="111" amount="1"/><kerning first="116" second="117" amount="1"/><kerning first="116" second="33" amount="3"/><kerning first="116" second="59" amount="1"/><kerning first="116" second="58" amount="1"/><kerning first="116" second="46" amount="1"/><kerning first="116" second="44" amount="1"/><kerning first="116" second="47" amount="1"/><kerning first="116" second="64" amount="2"/><kerning first="116" second="38" amount="2"/><kerning first="116" second="125" amount="1"/><kerning first="117" second="33" amount="1"/><kerning first="117" second="59" amount="1"/><kerning first="117" second="58" amount="1"/><kerning first="117" second="63" amount="2"/><kerning first="117" second="46" amount="1"/><kerning first="117" second="44" amount="1"/><kerning first="117" second="47" amount="1"/><kerning first="117" second="64" amount="2"/><kerning first="117" second="38" amount="2"/><kerning first="118" second="118" amount="1"/><kerning first="118" second="119" amount="1"/><kerning first="118" second="90" amount="-1"/><kerning first="118" second="41" amount="-1"/><kerning first="119" second="118" amount="2"/><kerning first="119" second="119" amount="1"/><kerning first="119" second="90" amount="-1"/><kerning first="119" second="41" amount="-1"/><kerning first="120" second="120" amount="1"/><kerning first="120" second="33" amount="1"/><kerning first="120" second="59" amount="1"/><kerning first="120" second="58" amount="1"/><kerning first="120" second="46" amount="1"/><kerning first="120" second="44" amount="1"/><kerning first="120" second="47" amount="1"/><kerning first="120" second="64" amount="2"/><kerning first="120" second="38" amount="2"/><kerning first="121" second="33" amount="2"/><kerning first="121" second="59" amount="1"/><kerning first="121" second="58" amount="1"/><kerning first="121" second="63" amount="1"/><kerning first="121" second="46" amount="1"/><kerning first="121" second="44" amount="1"/><kerning first="121" second="47" amount="1"/><kerning first="121" second="64" amount="2"/><kerning first="121" second="38" amount="2"/><kerning first="121" second="125" amount="1"/><kerning first="65" second="122" amount="-1"/><kerning first="66" second="122" amount="-1"/><kerning first="66" second="66" amount="-1"/><kerning first="66" second="68" amount="-1"/><kerning first="66" second="70" amount="-1"/><kerning first="66" second="72" amount="-1"/><kerning first="66" second="73" amount="-1"/><kerning first="66" second="75" amount="-1"/><kerning first="66" second="76" amount="-1"/><kerning first="66" second="78" amount="-1"/><kerning first="66" second="79" amount="-1"/><kerning first="66" second="80" amount="-1"/><kerning first="66" second="81" amount="-1"/><kerning first="66" second="82" amount="-1"/><kerning first="66" second="84" amount="-1"/><kerning first="66" second="85" amount="-1"/><kerning first="66" second="86" amount="-1"/><kerning first="66" second="87" amount="-1"/><kerning first="66" second="88" amount="-1"/><kerning first="66" second="89" amount="-1"/><kerning first="66" second="42" amount="-1"/><kerning first="66" second="41" amount="-1"/><kerning first="66" second="34" amount="-1"/><kerning first="66" second="39" amount="-1"/><kerning first="67" second="51" amount="1"/><kerning first="67" second="53" amount="1"/><kerning first="67" second="54" amount="1"/><kerning first="67" second="56" amount="1"/><kerning first="67" second="33" amount="1"/><kerning first="67" second="59" amount="1"/><kerning first="67" second="58" amount="1"/><kerning first="67" second="46" amount="1"/><kerning first="67" second="44" amount="1"/><kerning first="67" second="47" amount="1"/><kerning first="67" second="64" amount="1"/><kerning first="67" second="38" amount="1"/><kerning first="68" second="90" amount="-1"/><kerning first="68" second="41" amount="-1"/><kerning first="69" second="51" amount="1"/><kerning first="69" second="53" amount="1"/><kerning first="69" second="54" amount="1"/><kerning first="69" second="56" amount="1"/><kerning first="69" second="33" amount="1"/><kerning first="69" second="59" amount="1"/><kerning first="69" second="58" amount="1"/><kerning first="69" second="46" amount="1"/><kerning first="69" second="44" amount="1"/><kerning first="69" second="47" amount="1"/><kerning first="69" second="64" amount="1"/><kerning first="69" second="38" amount="1"/><kerning first="70" second="55" amount="1"/><kerning first="70" second="97" amount="-1"/><kerning first="70" second="99" amount="-1"/><kerning first="70" second="100" amount="-1"/><kerning first="70" second="101" amount="-1"/><kerning first="70" second="103" amount="-1"/><kerning first="70" second="109" amount="-1"/><kerning first="70" second="110" amount="-1"/><kerning first="70" second="111" amount="-1"/><kerning first="70" second="112" amount="-1"/><kerning first="70" second="113" amount="-1"/><kerning first="70" second="114" amount="-1"/><kerning first="70" second="115" amount="-2"/><kerning first="70" second="117" amount="-1"/><kerning first="70" second="118" amount="-1"/><kerning first="70" second="119" amount="-1"/><kerning first="70" second="120" amount="-1"/><kerning first="70" second="121" amount="-1"/><kerning first="70" second="122" amount="-1"/><kerning first="70" second="41" amount="1"/><kerning first="70" second="45" amount="-1"/><kerning first="70" second="46" amount="-1"/><kerning first="70" second="44" amount="-1"/><kerning first="70" second="124" amount="1"/><kerning first="70" second="125" amount="1"/><kerning first="72" second="122" amount="-1"/><kerning first="73" second="122" amount="-1"/><kerning first="74" second="122" amount="-1"/><kerning first="75" second="122" amount="-1"/><kerning first="75" second="66" amount="-1"/><kerning first="75" second="68" amount="-1"/><kerning first="75" second="70" amount="-1"/><kerning first="75" second="72" amount="-1"/><kerning first="75" second="73" amount="-1"/><kerning first="75" second="75" amount="-1"/><kerning first="75" second="76" amount="-1"/><kerning first="75" second="78" amount="-1"/><kerning first="75" second="79" amount="-1"/><kerning first="75" second="80" amount="-1"/><kerning first="75" second="81" amount="-1"/><kerning first="75" second="82" amount="-1"/><kerning first="75" second="84" amount="-1"/><kerning first="75" second="85" amount="-1"/><kerning first="75" second="86" amount="-1"/><kerning first="75" second="87" amount="-1"/><kerning first="75" second="88" amount="-1"/><kerning first="75" second="89" amount="-1"/><kerning first="76" second="59" amount="6"/><kerning first="76" second="41" amount="8"/><kerning first="76" second="44" amount="7"/><kerning first="76" second="47" amount="7"/><kerning first="76" second="124" amount="4"/><kerning first="76" second="125" amount="8"/><kerning first="76" second="93" amount="8"/><kerning first="77" second="122" amount="-1"/><kerning first="78" second="122" amount="-1"/><kerning first="79" second="90" amount="-1"/><kerning first="79" second="41" amount="-1"/><kerning first="80" second="115" amount="-1"/><kerning first="80" second="120" amount="-1"/><kerning first="80" second="45" amount="-1"/><kerning first="80" second="46" amount="-2"/><kerning first="80" second="44" amount="-2"/><kerning first="81" second="90" amount="-1"/><kerning first="82" second="122" amount="-1"/><kerning first="83" second="122" amount="-1"/><kerning first="84" second="55" amount="1"/><kerning first="84" second="97" amount="-4"/><kerning first="84" second="99" amount="-4"/><kerning first="84" second="100" amount="-4"/><kerning first="84" second="101" amount="-4"/><kerning first="84" second="103" amount="-4"/><kerning first="84" second="109" amount="-4"/><kerning first="84" second="110" amount="-4"/><kerning first="84" second="111" amount="-4"/><kerning first="84" second="112" amount="-4"/><kerning first="84" second="113" amount="-4"/><kerning first="84" second="114" amount="-4"/><kerning first="84" second="115" amount="-4"/><kerning first="84" second="116" amount="-1"/><kerning first="84" second="117" amount="-3"/><kerning first="84" second="118" amount="-3"/><kerning first="84" second="119" amount="-3"/><kerning first="84" second="120" amount="-4"/><kerning first="84" second="121" amount="-3"/><kerning first="84" second="122" amount="-4"/><kerning first="84" second="65" amount="-2"/><kerning first="84" second="67" amount="-1"/><kerning first="84" second="74" amount="-1"/><kerning first="84" second="59" amount="-2"/><kerning first="84" second="58" amount="-2"/><kerning first="84" second="41" amount="1"/><kerning first="84" second="45" amount="-2"/><kerning first="84" second="46" amount="-2"/><kerning first="84" second="44" amount="-2"/><kerning first="84" second="124" amount="1"/><kerning first="84" second="64" amount="-1"/><kerning first="84" second="125" amount="1"/><kerning first="85" second="122" amount="-1"/><kerning first="86" second="97" amount="-1"/><kerning first="86" second="99" amount="-1"/><kerning first="86" second="100" amount="-1"/><kerning first="86" second="101" amount="-1"/><kerning first="86" second="103" amount="-1"/><kerning first="86" second="111" amount="-1"/><kerning first="86" second="113" amount="-1"/><kerning first="86" second="115" amount="-1"/><kerning first="86" second="120" amount="-1"/><kerning first="86" second="122" amount="-1"/><kerning first="86" second="45" amount="-1"/><kerning first="86" second="46" amount="-1"/><kerning first="86" second="44" amount="-1"/><kerning first="87" second="97" amount="-1"/><kerning first="87" second="99" amount="-1"/><kerning first="87" second="100" amount="-1"/><kerning first="87" second="101" amount="-1"/><kerning first="87" second="103" amount="-1"/><kerning first="87" second="105" amount="1"/><kerning first="87" second="111" amount="-1"/><kerning first="87" second="113" amount="-1"/><kerning first="87" second="115" amount="-1"/><kerning first="87" second="120" amount="-1"/><kerning first="87" second="122" amount="-1"/><kerning first="87" second="45" amount="-1"/><kerning first="87" second="46" amount="-1"/><kerning first="87" second="44" amount="-1"/><kerning first="88" second="120" amount="-1"/><kerning first="88" second="66" amount="-1"/><kerning first="88" second="68" amount="-1"/><kerning first="88" second="70" amount="-1"/><kerning first="88" second="71" amount="-1"/><kerning first="88" second="72" amount="-1"/><kerning first="88" second="73" amount="-1"/><kerning first="88" second="75" amount="-1"/><kerning first="88" second="76" amount="-1"/><kerning first="88" second="77" amount="-1"/><kerning first="88" second="78" amount="-1"/><kerning first="88" second="79" amount="-1"/><kerning first="88" second="80" amount="-1"/><kerning first="88" second="81" amount="-1"/><kerning first="88" second="82" amount="-1"/><kerning first="88" second="84" amount="-1"/><kerning first="88" second="85" amount="-1"/><kerning first="88" second="86" amount="-1"/><kerning first="88" second="87" amount="-1"/><kerning first="88" second="88" amount="-1"/><kerning first="88" second="89" amount="-1"/><kerning first="89" second="97" amount="-1"/><kerning first="89" second="99" amount="-1"/><kerning first="89" second="100" amount="-1"/><kerning first="89" second="101" amount="-1"/><kerning first="89" second="103" amount="-1"/><kerning first="89" second="111" amount="-1"/><kerning first="89" second="113" amount="-1"/><kerning first="89" second="115" amount="-1"/><kerning first="89" second="120" amount="-1"/><kerning first="89" second="122" amount="-1"/><kerning first="89" second="45" amount="-1"/><kerning first="90" second="52" amount="-1"/><kerning first="90" second="120" amount="-1"/><kerning first="90" second="122" amount="-1"/><kerning first="90" second="66" amount="-1"/><kerning first="90" second="68" amount="-1"/><kerning first="90" second="70" amount="-1"/><kerning first="90" second="71" amount="-1"/><kerning first="90" second="72" amount="-1"/><kerning first="90" second="73" amount="-1"/><kerning first="90" second="75" amount="-1"/><kerning first="90" second="76" amount="-1"/><kerning first="90" second="77" amount="-1"/><kerning first="90" second="78" amount="-1"/><kerning first="90" second="79" amount="-1"/><kerning first="90" second="80" amount="-1"/><kerning first="90" second="81" amount="-1"/><kerning first="90" second="82" amount="-1"/><kerning first="90" second="84" amount="-1"/><kerning first="90" second="85" amount="-1"/><kerning first="90" second="86" amount="-1"/><kerning first="90" second="87" amount="-1"/><kerning first="90" second="88" amount="-1"/><kerning first="90" second="89" amount="-1"/><kerning first="90" second="45" amount="-1"/><kerning first="40" second="97" amount="-1"/><kerning first="40" second="99" amount="-1"/><kerning first="40" second="100" amount="-1"/><kerning first="40" second="101" amount="-1"/><kerning first="40" second="102" amount="1"/><kerning first="40" second="103" amount="-1"/><kerning first="40" second="106" amount="1"/><kerning first="40" second="109" amount="-1"/><kerning first="40" second="110" amount="-1"/><kerning first="40" second="111" amount="-1"/><kerning first="40" second="113" amount="-1"/><kerning first="40" second="114" amount="-1"/><kerning first="40" second="115" amount="-1"/><kerning first="40" second="117" amount="-1"/><kerning first="40" second="118" amount="-1"/><kerning first="40" second="119" amount="-1"/><kerning first="40" second="120" amount="-1"/><kerning first="40" second="121" amount="-1"/><kerning first="40" second="122" amount="-1"/><kerning first="43" second="55" amount="-1"/><kerning first="43" second="57" amount="-1"/><kerning first="45" second="49" amount="-1"/><kerning first="45" second="50" amount="-1"/><kerning first="45" second="55" amount="-1"/><kerning first="45" second="57" amount="-1"/><kerning first="45" second="66" amount="-1"/><kerning first="45" second="68" amount="-1"/><kerning first="45" second="70" amount="-1"/><kerning first="45" second="72" amount="-1"/><kerning first="45" second="73" amount="-1"/><kerning first="45" second="74" amount="-1"/><kerning first="45" second="75" amount="-1"/><kerning first="45" second="76" amount="-1"/><kerning first="45" second="77" amount="-1"/><kerning first="45" second="78" amount="-1"/><kerning first="45" second="79" amount="-1"/><kerning first="45" second="80" amount="-1"/><kerning first="45" second="81" amount="-1"/><kerning first="45" second="82" amount="-1"/><kerning first="45" second="84" amount="-2"/><kerning first="45" second="85" amount="-1"/><kerning first="45" second="86" amount="-2"/><kerning first="45" second="87" amount="-2"/><kerning first="45" second="88" amount="-2"/><kerning first="45" second="89" amount="-2"/><kerning first="45" second="90" amount="-1"/><kerning first="45" second="39" amount="-2"/><kerning first="61" second="55" amount="-1"/><kerning first="46" second="52" amount="-2"/><kerning first="46" second="55" amount="-1"/><kerning first="46" second="66" amount="-1"/><kerning first="46" second="68" amount="-1"/><kerning first="46" second="70" amount="-1"/><kerning first="46" second="71" amount="-1"/><kerning first="46" second="72" amount="-1"/><kerning first="46" second="73" amount="-1"/><kerning first="46" second="75" amount="-1"/><kerning first="46" second="76" amount="-1"/><kerning first="46" second="77" amount="-1"/><kerning first="46" second="78" amount="-1"/><kerning first="46" second="79" amount="-1"/><kerning first="46" second="80" amount="-1"/><kerning first="46" second="81" amount="-1"/><kerning first="46" second="82" amount="-1"/><kerning first="46" second="84" amount="-2"/><kerning first="46" second="85" amount="-2"/><kerning first="46" second="86" amount="-2"/><kerning first="46" second="87" amount="-2"/><kerning first="46" second="88" amount="-2"/><kerning first="46" second="89" amount="-2"/><kerning first="46" second="34" amount="-3"/><kerning first="46" second="39" amount="-2"/><kerning first="44" second="52" amount="-2"/><kerning first="44" second="55" amount="-1"/><kerning first="44" second="34" amount="-3"/><kerning first="44" second="39" amount="-2"/><kerning first="47" second="102" amount="1"/><kerning first="47" second="106" amount="1"/><kerning first="124" second="102" amount="2"/><kerning first="124" second="106" amount="2"/><kerning first="124" second="120" amount="-1"/><kerning first="124" second="122" amount="-1"/><kerning first="124" second="66" amount="-1"/><kerning first="124" second="68" amount="-1"/><kerning first="124" second="70" amount="-1"/><kerning first="124" second="71" amount="-1"/><kerning first="124" second="72" amount="-1"/><kerning first="124" second="73" amount="-1"/><kerning first="124" second="75" amount="-1"/><kerning first="124" second="76" amount="-1"/><kerning first="124" second="77" amount="-1"/><kerning first="124" second="78" amount="-1"/><kerning first="124" second="79" amount="-1"/><kerning first="124" second="80" amount="-1"/><kerning first="124" second="81" amount="-1"/><kerning first="124" second="82" amount="-1"/><kerning first="124" second="84" amount="-1"/><kerning first="124" second="85" amount="-1"/><kerning first="124" second="86" amount="-1"/><kerning first="124" second="87" amount="-1"/><kerning first="124" second="88" amount="-1"/><kerning first="124" second="89" amount="-1"/><kerning first="124" second="34" amount="-1"/><kerning first="124" second="39" amount="-1"/><kerning first="34" second="97" amount="-1"/><kerning first="34" second="99" amount="-1"/><kerning first="34" second="100" amount="-1"/><kerning first="34" second="101" amount="-1"/><kerning first="34" second="103" amount="-1"/><kerning first="34" second="111" amount="-1"/><kerning first="34" second="113" amount="-1"/><kerning first="34" second="115" amount="-1"/><kerning first="34" second="120" amount="-1"/><kerning first="34" second="65" amount="-1"/><kerning first="34" second="46" amount="-3"/><kerning first="34" second="44" amount="-3"/><kerning first="34" second="64" amount="-1"/><kerning first="39" second="97" amount="-1"/><kerning first="39" second="99" amount="-1"/><kerning first="39" second="100" amount="-1"/><kerning first="39" second="101" amount="-1"/><kerning first="39" second="103" amount="-1"/><kerning first="39" second="111" amount="-1"/><kerning first="39" second="113" amount="-1"/><kerning first="39" second="115" amount="-1"/><kerning first="39" second="120" amount="-1"/><kerning first="39" second="65" amount="-1"/><kerning first="39" second="45" amount="-2"/><kerning first="39" second="46" amount="-2"/><kerning first="39" second="44" amount="-2"/><kerning first="39" second="64" amount="-1"/><kerning first="64" second="65" amount="1"/><kerning first="64" second="34" amount="-1"/><kerning first="64" second="39" amount="-1"/><kerning first="38" second="65" amount="1"/><kerning first="38" second="90" amount="-1"/><kerning first="38" second="39" amount="-1"/><kerning first="123" second="102" amount="2"/><kerning first="123" second="106" amount="2"/><kerning first="123" second="120" amount="-1"/><kerning first="123" second="122" amount="-1"/><kerning first="91" second="97" amount="-1"/><kerning first="91" second="99" amount="-1"/><kerning first="91" second="100" amount="-1"/><kerning first="91" second="101" amount="-1"/><kerning first="91" second="102" amount="2"/><kerning first="91" second="103" amount="-1"/><kerning first="91" second="106" amount="2"/><kerning first="91" second="109" amount="-1"/><kerning first="91" second="110" amount="-1"/><kerning first="91" second="111" amount="-1"/><kerning first="91" second="113" amount="-1"/><kerning first="91" second="114" amount="-1"/><kerning first="91" second="115" amount="-1"/><kerning first="91" second="117" amount="-1"/><kerning first="91" second="118" amount="-1"/><kerning first="91" second="119" amount="-1"/><kerning first="91" second="120" amount="-1"/><kerning first="91" second="121" amount="-1"/><kerning first="91" second="122" amount="-1"/></kernings></font>